{"cameraMode":{"drawMode":0,"name":"Shaded","section":"Shading Mode"},"sceneLighting":false,"audioPlay":false,"sceneViewState":{"m_AlwaysRefresh":false,"showFog":true,"showSkybox":false,"showFlares":true,"showImageEffects":true,"showParticleSystems":true,"showVisualEffectGraphs":true,"m_FxEnabled":true},"in2DMode":false,"pivot":{"x":498.9100036621094,"y":371.1371154785156,"z":-304.379638671875},"rotation":{"x":0.00015450971841346473,"y":0.9997732043266296,"z":-0.019807763397693635,"w":0.007799313869327307},"size":513.7500610351563,"orthographic":false}